date,meantemp,humidity,wind_speed,meanpressure
41275,10,84.5,0,1015.6666666666666
41276,7.4,92,2.98,1017.8
41277,7.166666666666667,87,4.633333333333334,1018.6666666666666
41278,8.666666666666666,71.33333333333333,1.2333333333333334,1017.1666666666666
41279,6,86.83333333333333,3.6999999999999997,1016.5
41280,7,82.8,1.48,1018
41281,7,78.6,6.3,1020
41282,8.857142857142858,63.714285714285715,7.142857142857143,1018.7142857142857
41283,14,51.25,12.5,1017
41284,11,62,7.3999999999999995,1015.6666666666666
41285,15.714285714285714,51.285714285714285,10.571428571428571,1016.1428571428571
41286,14,74,13.228571428571428,1015.5714285714286
41287,15.833333333333334,75.16666666666667,4.633333333333334,1013.3333333333334
41288,12.833333333333334,88.16666666666667,0.6166666666666667,1015.1666666666666
41289,14.714285714285714,71.85714285714286,0.5285714285714286,1015.8571428571429
41290,13.833333333333334,86.66666666666667,0,1016.6666666666666
41291,16.5,80.83333333333333,5.250000000000001,1015.8333333333334
41292,13.833333333333334,92.16666666666667,8.950000000000001,1014.5
41293,12.5,76.66666666666667,5.883333333333333,1021.6666666666666
41294,11.285714285714286,75.28571428571429,8.471428571428572,1020.2857142857143
41295,11.2,77,2.22,1021
41296,9.5,79.66666666666667,3.0833333333333335,1021.8
41297,14,60.166666666666664,4.016666666666667,1020.5
41298,13.833333333333334,60.666666666666664,6.166666666666667,1020.5
41299,12.25,67,5.55,1020.75
41300,12.666666666666666,64.16666666666667,6.800000000000001,1019.6666666666666
41301,12.857142857142858,65.57142857142857,5.557142857142857,1018.1428571428571
41302,14.833333333333334,56,3.6999999999999997,1017.8333333333334
41303,14.125,65.5,3.2375,1016.625
41304,14.714285714285714,70.42857142857143,1.0571428571428572,1017.8571428571429
41305,16.2,65.6,2.96,1018.4
41306,16,73,2.22,1016
41307,16.285714285714285,77.57142857142857,1.3285714285714287,1017.1428571428571
41308,18,65.57142857142857,1.8571428571428572,1015.2857142857143
41309,17.428571428571427,74.28571428571429,11.114285714285714,1014.5714285714286
41310,16.625,92.375,9.725000000000001,1016.375
41311,16.666666666666668,71.33333333333333,8.633333333333333,1018.6666666666666
41312,15.6,59.4,10.74,1018.6
41313,14,70.42857142857143,9.257142857142856,1017.1428571428571
41314,15.428571428571429,61.285714285714285,9.257142857142856,1016.8571428571429
41315,15.25,71.5,3.4749999999999996,1017.125
41316,15.875,70.5,5.325,1016.5
41317,15.333333333333334,70.33333333333333,7.416666666666667,1017.5
41318,16.285714285714285,70.14285714285714,6.085714285714287,1016
41319,17.333333333333332,63.833333333333336,4.333333333333333,1014.1666666666666
41320,19.166666666666668,65.33333333333333,10.183333333333335,1011.6666666666666
41321,14.428571428571429,92.71428571428571,8.485714285714286,1008
41322,13.666666666666666,90,0,1012.6666666666666
41323,15.6,78.4,12.220000000000002,1016.2
41324,15.857142857142858,82,5.814285714285715,1015.7142857142857
41325,17.714285714285715,74.71428571428571,5.814285714285715,1017
41326,20,67.28571428571429,6.614285714285714,1015.4285714285714
41327,20.5,65.625,10.875000000000002,1016
41328,17.428571428571427,74.85714285714286,9.257142857142856,1017
41329,16.857142857142858,78.85714285714286,7.400000000000001,1018.8571428571429
41330,16.875,72.875,4.6375,1018.25
41331,17.857142857142858,70,17.587500000000002,1015.1428571428571
41332,20.8,57.2,6.660000000000001,1015.2
41333,19.428571428571427,52.857142857142854,12.957142857142857,1017.4285714285714
41334,17.333333333333332,49.333333333333336,24.066666666666663,1016.3333333333334
41335,19,54,15.725,1016.25
41336,19.333333333333332,62.833333333333336,8.633333333333333,1016.1666666666666
41337,17.6,71,5.5600000000000005,1015.8
41338,20.875,61.875,4.1625000000000005,1016.375
41339,20.857142857142858,65.28571428571429,6.871428571428573,1015.7142857142857
41340,23.428571428571427,57.142857142857146,8.728571428571428,1015.2857142857143
41341,24.166666666666668,44.833333333333336,7.1000000000000005,1014.8333333333334
41342,25.428571428571427,49.714285714285715,5.285714285714286,1009.2857142857143
41343,23.142857142857142,57.57142857142857,4.228571428571429,1008
41344,24,66.33333333333333,0.9333333333333332,1011.1666666666666
41345,23.5,62.5,4.933333333333334,1011.5
41346,21.5,70.5,5.55,1009
41347,22.333333333333332,61.166666666666664,12.033333333333333,1013.1666666666666
41348,24.166666666666668,45.833333333333336,7.716666666666668,1016.1666666666666
41349,20.333333333333332,67.66666666666667,3.6999999999999997,1016.1666666666666
41350,22.666666666666668,58.666666666666664,8.95,1015
41351,23.428571428571427,58.142857142857146,17.457142857142856,1009.4285714285714
41352,22.5,73.66666666666667,10.483333333333333,1011
41353,29.166666666666668,36.333333333333336,6.800000000000001,1009.5
41354,23.833333333333332,58.5,10.5,1008.3333333333334
41355,25.25,50.25,9.7125,1006.375
41356,27.375,50.125,9.950000000000001,1007.625
41357,27,48.75,10.8875,1010.25
41358,23.5,45.5,15.962499999999999,1010.625
41359,24.142857142857142,44.57142857142857,12.957142857142857,1008.8571428571429
41360,21,62,1.85,1009
41361,22.428571428571427,62.714285714285715,7.4142857142857155,1009.5714285714286
41362,21.25,70.375,5.550000000000001,1009.75
41363,23.5,54.75,11.112499999999999,1008.625
41364,23.2,58,6.660000000000001,1008.6
41365,25.375,45.5,4.4,1008.5
41366,25.166666666666668,51,8.65,1009.5
41367,26.2,45.6,8.14,1009
41368,24.6,41.8,11.120000000000001,1007.8
41369,25.6,31,15.559999999999999,1007
41370,25.857142857142858,29.857142857142858,11.900000000000002,1006.1428571428571
41371,29.142857142857142,23.285714285714285,10.314285714285715,1005
41372,28.714285714285715,33.857142857142854,5.3,1006
41373,30.166666666666668,30.5,8.65,1005.3333333333334
41374,30,28,6.1,1006.7142857142857
41375,30,24.2,7.780000000000001,1006.4
41376,28.857142857142858,32.57142857142857,6.342857142857143,1007.5714285714286
41377,30.2,29.2,10.000000000000002,1008.4
41378,28.25,39.375,6.487499999999999,1007
41379,28.25,41.375,6.25,1003.875
41380,32.125,24.625,10.424999999999999,1000
41381,29.2,24.2,6.659999999999999,1002.2
41382,30.285714285714285,30.285714285714285,4.757142857142858,1002.8571428571429
41383,28.285714285714285,31.285714285714285,3.971428571428571,1002.5714285714286
41384,30.625,29,7.6375,1003.375
41385,27.666666666666668,38.666666666666664,13.883333333333333,1006.8333333333334
41386,27.375,45.375,7.650000000000001,1010
41387,28.625,44.125,4.625000000000001,1009.875
41388,30.285714285714285,41.714285714285715,2.1142857142857143,1008.5714285714286
41389,31.142857142857142,38.285714285714285,3.7,1007.7142857142857
41390,29.875,45.875,6.7125,1008.375
41391,31.142857142857142,31.428571428571427,13.485714285714286,1007
41392,30.571428571428573,28,12.971428571428572,1005.4285714285714
41393,32.125,26.375,7.875,1004.875
41394,31.142857142857142,32,7.928571428571429,1004.8571428571429
41395,31.857142857142858,15.857142857142858,12.685714285714287,1002.8333333333334
41396,29.833333333333332,22.166666666666668,11.433333333333335,1001.2
41397,28.571428571428573,31.571428571428573,9,999.4285714285714
41398,32.857142857142854,31.428571428571427,2.914285714285714,999
41399,32.625,31.125,3.0125,1000.625
41400,32.75,39.25,3.7,1001.625
41401,32.875,33.25,7.175000000000001,1002
41402,34.5,23,9.25,1001.1666666666666
41403,34.285714285714285,26,8.985714285714284,1000.8571428571429
41404,34,27.714285714285715,9.528571428571428,1000.1428571428571
41405,30.75,30.375,14.8125,999.875
41406,29.857142857142858,40.142857142857146,5.828571428571428,1003.7142857142857
41407,31.714285714285715,34,3.9714285714285715,1003.5714285714286
41408,32.285714285714285,34.285714285714285,4.771428571428571,1001.5714285714286
41409,33,33,3.2375000000000003,999.8571428571429
41410,33,34.75,7.175000000000001,998.5
41411,32.833333333333336,28.166666666666668,9.866666666666667,1000.3333333333334
41412,31.4,42.2,12.966666666666669,999
41413,35.333333333333336,22.333333333333332,15.749999999999998,999.6666666666666
41414,36.4,24.2,7.4,998.4
41415,36,19,11.371428571428572,998.6666666666666
41416,36.75,22.125,17.5875,998.625
41417,37.5,23.333333333333332,13.566666666666668,997.1666666666666
41418,38.42857142857143,27.428571428571427,11.385714285714286,996.4285714285714
41419,38.714285714285715,22.428571428571427,10.314285714285715,998.1428571428571
41420,37.8,21.2,10.74,998.2
41421,35.857142857142854,31.571428571428573,8.72857142857143,999.1428571428571
41422,35.333333333333336,29,8.333333333333334,1000.1666666666666
41423,34.142857142857146,27.857142857142858,5.557142857142858,999.4285714285714
41424,32.2,28.2,5.5600000000000005,999.6
41425,33.625,40.125,10.6375,998.7142857142857
41426,32,54,13.4375,998.75
41427,32.4,56.6,14.200000000000001,1001
41428,35.6,47,12.239999999999998,999.6
41429,35.857142857142854,42.57142857142857,5.028571428571429,999.8571428571429
41430,37.166666666666664,36.5,9.866666666666665,998
41431,31.285714285714285,61.714285714285715,10.042857142857144,997.2857142857143
41432,34,49.25,7.412500000000001,998
41433,34.2,57.4,13.34,997
41434,36.166666666666664,40,11.416666666666666,995.1666666666666
41435,36.625,42.75,8.100000000000001,995.125
41436,30.166666666666668,61.666666666666664,16.349999999999998,1000
41437,34.142857142857146,54.142857142857146,7.4142857142857155,998
41438,29.833333333333332,68.66666666666667,9.866666666666665,998.6666666666666
41439,30.142857142857142,68.14285714285714,7.942857142857142,997.4285714285714
41440,30.714285714285715,65,13.22857142857143,997.8571428571429
41441,27,88.85714285714286,8.485714285714286,996.4285714285714
41442,26.875,87.375,8.3375,994.75
41443,28.4,83.6,5.18,996.4
41444,29.857142857142858,72.85714285714286,4.228571428571429,999
41445,33,52.714285714285715,4.771428571428571,997.1666666666666
41446,34.833333333333336,47.333333333333336,5.866666666666667,995.3333333333334
41447,35.6,39.4,10.74,996.2
41448,35.166666666666664,53,8.350000000000001,995.6666666666666
41449,33.142857142857146,55,13.22857142857143,996.2857142857143
41450,30.571428571428573,70.42857142857143,11.114285714285716,999.1666666666666
41451,30.666666666666668,71.5,6.483333333333333,999
41452,31.428571428571427,61.857142857142854,7.957142857142856,996.7142857142857
41453,31.5,64.25,8.8125,996
41454,33.25,57,13.875,995.25
41455,32.833333333333336,52.166666666666664,10.5,997.1666666666666
41456,33.857142857142854,54,8.728571428571428,996.4285714285714
41457,33.142857142857146,58.285714285714285,9.799999999999999,996
41458,31.571428571428573,70,6.357142857142857,997.5714285714286
41459,32.375,67.5,9.25,997
41460,32.8,62.2,12.959999999999999,997.8
41461,31,73.14285714285714,11.37142857142857,1000.5714285714286
41462,31.166666666666668,77.33333333333333,7.1000000000000005,1000.1666666666666
41463,29.833333333333332,75.16666666666667,6.483333333333334,997.5
41464,29,78.83333333333333,8.016666666666667,996.8333333333334
41465,29.75,75.375,6.4875,995.75
41466,32.5,65.5,7.116666666666667,997.3333333333334
41467,28.875,86.625,5.562500000000001,1000
41468,31.75,70.25,12.0625,998.875
41469,30.75,71.625,4.8125,997.375
41470,31.75,73.25,13.537500000000001,998.375
41471,29.875,83.875,9,999
41472,31.125,78.375,8.65,998
41473,31.75,76,5.550000000000001,995
41474,30.5,73.5,9.266666666666666,995.3333333333334
41475,26.833333333333332,90.66666666666667,4.933333333333333,999.1666666666666
41476,28.2,88,2.2399999999999998,996.4
41477,29.5,80.33333333333333,4.333333333333333,996.8333333333334
41478,31.857142857142858,70.71428571428571,3.9714285714285715,998
41479,29.714285714285715,84.14285714285714,3.971428571428571,997.1428571428571
41480,28.333333333333332,84.5,8.016666666666667,995.1666666666666
41481,30,73.85714285714286,5.571428571428572,995.4285714285714
41482,30.142857142857142,79,4.228571428571429,997.2857142857143
41483,32.285714285714285,67.42857142857143,6.085714285714286,998.1428571428571
41484,31,77.42857142857143,4.771428571428571,997.1428571428571
41485,30.5,75.66666666666667,8.016666666666667,996.5
41486,28.833333333333332,78.5,9.866666666666665,996.6666666666666
41487,30,73.5,5.550000000000001,998
41488,31.571428571428573,66.42857142857143,11.114285714285716,999.4285714285714
41489,32.5,62.333333333333336,10.816666666666665,1000.8333333333334
41490,32.5,62.5,5.1,993.25
41491,29.5,77,6.783333333333334,1001
41492,27.166666666666668,90.66666666666667,4.016666666666667,1002.1666666666666
41493,28.375,85.25,3.25,1001.875
41494,28.5,84,6.166666666666667,1000.5
41495,27.166666666666668,87.5,3.716666666666667,1001
41496,29.428571428571427,79.85714285714286,6.1000000000000005,1000.3333333333334
41497,30,76.83333333333333,6.800000000000001,1001.1666666666666
41498,29.5,81.5,8.350000000000001,1001
41499,30.75,72,11.125,999.25
41500,29.666666666666668,74.33333333333333,9.866666666666667,999.8333333333334
41501,27.714285714285715,85,8.2,1001.7142857142857
41502,26.6,92,4.46,1000.8
41503,27.428571428571427,91,14.285714285714286,999.4285714285714
41504,28.333333333333332,83.83333333333333,1.2333333333333334,1000.1666666666666
41505,28.166666666666668,84.66666666666667,5.550000000000001,1000.5
41506,27.375,88.5,5.325,999
41507,28.333333333333332,81.16666666666667,10.314285714285717,999.2857142857143
41508,29.166666666666668,74.83333333333333,6.483333333333334,1001.1666666666666
41509,31.285714285714285,73.14285714285714,2.642857142857143,1001.4285714285714
41510,32,71.25,18.525,1000.3333333333334
41511,29,90.75,0.925,998.75
41512,32,69.875,6.475,997.8571428571429
41513,32.142857142857146,57.285714285714285,17.071428571428573,999.8571428571429
41514,30.142857142857142,60.714285714285715,11.642857142857142,1003.7142857142857
41515,31.5,57,9.275,1003.25
41516,29.166666666666668,73,3.1,1003.5
41517,29,71.75,4.65,1003.25
41518,30,65.2,11.48,1003.2
41519,31.857142857142858,50.857142857142854,15.342857142857142,1003.7142857142857
41520,32.75,45.5,14.799999999999999,1001.5
41521,31.714285714285715,48,14.542857142857141,1002.1666666666666
41522,31.666666666666668,46,13.566666666666668,1001.5
41523,30.571428571428573,55.714285714285715,10.042857142857144,1003.4285714285714
41524,30.833333333333332,51.833333333333336,6.783333333333334,1004.1666666666666
41525,28,71.75,2.325,1007.25
41526,31,57.5,42.22,1007
41527,29.666666666666668,66.33333333333333,3.6999999999999997,1005.3333333333334
41528,30.857142857142858,61.142857142857146,3.971428571428571,1005.5714285714286
41529,31.166666666666668,60.333333333333336,2.7833333333333337,1008.1666666666666
41530,31.142857142857142,67.14285714285714,3.1714285714285717,1007.1428571428571
41531,30.5,67,2.7833333333333337,1003.8333333333334
41532,31.625,56.375,3.9375,1001.375
41533,29.666666666666668,60,7.100000000000001,1002.3333333333334
41534,29.25,56.5,3.475,1002.875
41535,29.142857142857142,58.57142857142857,5.557142857142858,1003.1428571428571
41536,29.8,61.6,2.96,1001.8
41537,28.666666666666668,70,9.583333333333334,1003
41538,25.2,89,5.18,1003
41539,28.333333333333332,79.66666666666667,3.0833333333333335,1001.6666666666666
41540,30.285714285714285,68,4.5,1001
41541,30.75,65.75,5.7875000000000005,1002.75
41542,28.571428571428573,75,6.614285714285715,1005.4285714285714
41543,28.2,78.8,4.08,1006.6
41544,29,71.25,7.4125000000000005,1005.625
41545,30,67.33333333333333,1.2333333333333334,1005.3333333333334
41546,28.142857142857142,79.85714285714286,5.557142857142858,1003.8571428571429
41547,26.857142857142858,84.57142857142857,4.228571428571429,1004.7142857142857
41548,28.285714285714285,68.71428571428571,6.371428571428571,1007.7142857142857
41549,29.2,61.4,7.42,1010
41550,28.6,59,7.4,1008.6
41551,24.833333333333332,84.33333333333333,6.783333333333334,1007.5
41552,28.5,69,2.0875,1004.125
41553,29.75,66.5,1.85,1005.25
41554,29.714285714285715,66.57142857142857,1.5857142857142859,1008.8571428571429
41555,29.2,69.4,0,1009.8
41556,30.833333333333332,65.5,5.566666666666667,1010.3333333333334
41557,29.428571428571427,66.28571428571429,3.9714285714285715,1010.8571428571429
41558,23.857142857142858,89.85714285714286,4.242857142857143,1010.5714285714286
41559,26.142857142857142,82.57142857142857,2.914285714285714,1008.2857142857143
41560,27.166666666666668,84.33333333333333,0.6166666666666667,1007.6666666666666
41561,27.714285714285715,74.85714285714286,5.557142857142858,1007
41562,25.857142857142858,76.42857142857143,3.6999999999999997,1009.1428571428571
41563,26.428571428571427,75,0,1009
41564,26.857142857142858,76.71428571428571,1.0571428571428572,1010.4285714285714
41565,26.333333333333332,73.16666666666667,0,1010.5
41566,24.571428571428573,69.57142857142857,2.1142857142857143,1011.5714285714286
41567,24.333333333333332,67.83333333333333,1.55,1010.6666666666666
41568,24.875,63.625,1.3875000000000002,1009.875
41569,27.8,53.6,0,1011
41570,25,67.5,1.1625,1013.625
41571,23.857142857142858,73.14285714285714,1.0571428571428572,1013.2857142857143
41572,22.8,75.8,1.86,1011
41573,23,78.2,0.74,1011.2
41574,22.875,66.875,2.5500000000000003,1010.625
41575,22.666666666666668,63.166666666666664,4.933333333333334,1010
41576,23,62.714285714285715,3.971428571428571,1011.1428571428571
41577,22.857142857142858,67.42857142857143,2.385714285714286,1012.8571428571429
41578,23.666666666666668,58.833333333333336,3.0833333333333335,1012.8333333333334
41579,23.428571428571427,69.14285714285714,1.0571428571428572,1013.2857142857143
41580,21.625,65,4.6375,1014.5
41581,20.625,57.875,5.5625,1016
41582,21.166666666666668,54.166666666666664,2.466666666666667,1017.5
41583,18.833333333333332,74.33333333333333,0,1017.5
41584,20.571428571428573,66.71428571428571,3.1857142857142855,1015.8571428571429
41585,20.142857142857142,73.14285714285714,4.500000000000001,1015.6666666666666
41586,18,82.2,19.9125,1015.625
41587,19.857142857142858,73.57142857142857,0.5285714285714286,1016.7142857142857
41588,16.833333333333332,72,2.466666666666667,1016
41589,18.857142857142858,61.857142857142854,5.814285714285715,1013.4285714285714
41590,16.571428571428573,71.71428571428571,0.7999999999999999,1013.8571428571429
41591,17.75,65,3.0125,1014.25
41592,17.625,63.375,3.475,1015.25
41593,17,67,0.925,1016.5
41594,16.625,69.625,0,1018
41595,15.571428571428571,67.42857142857143,2.3857142857142857,1017.7142857142857
41596,18.5,55.125,7.412500000000001,1016.875
41597,17.875,63.5,7.175,1015.5
41598,18.25,58.875,2.55,1012.75
41599,17.875,66.25,2.0875,1013.125
41600,17.625,74.875,1.1625,1015.75
41601,18.142857142857142,77.85714285714286,0.7999999999999999,1014.5714285714286
41602,19.125,58.875,5.0875,1014.5
41603,21.25,49.875,9.5,1012.875
41604,21.25,51.375,9.75,1011.75
41605,19.125,68.5,2.7875,1014.75
41606,18.625,71.875,1.85,1017.75
41607,17.75,66.625,4.8625,1016.875
41608,17.875,69.625,11.8125,1015.875
41609,18,65,1.5857142857142859,1016.1428571428571
41610,17.25,73.25,1.85,1015.875
41611,17.5,73.5,1.3875,1016.75
41612,17.142857142857142,71.85714285714286,4.228571428571429,1017
41613,17.142857142857142,69,6.885714285714286,1015.2857142857143
41614,16.125,72.375,3.7125000000000004,1014
41615,16,80.5,1.1625,1014.25
41616,16.5,83.625,0,1014
41617,16.125,79.25,2.3125,1013.5
41618,15.5,81.75,2.55,1013.75
41619,16.625,71.875,6.475000000000001,1014.125
41620,17.75,62.375,16.9,1012.5
41621,17.142857142857142,67.71428571428571,11.62857142857143,1012
41622,16.142857142857142,79,0.7999999999999999,1012.5714285714286
41623,15.5,86.25,2.55,1015.125
41624,15.25,89.5,1.1625,1015.625
41625,14.75,92.875,0.925,1014.25
41626,14.875,93,2.0875,1012.625
41627,16.125,89.125,3.2499999999999996,1012.875
41628,15.375,91.375,4.4125000000000005,1016
41629,14.75,94,0.4625,1017
41630,15.25,94,1.3875000000000002,1018.375
41631,14.25,88.25,9.025,1020.5
41632,13.5,84.75,5.7875000000000005,1021.375
41633,13.666666666666666,63.166666666666664,34.4875,1020.625
41634,12.125,67.625,4.4,1019.25
41635,11.875,79.875,1.1625,1018.625
41636,10.875,70,5.325,1019.25
41637,10.571428571428571,69.42857142857143,5.325,1018.5
41638,12.375,79.5,6.4750000000000005,1018.125
41639,14.5,89.375,4.862500000000001,1020.5
41640,13.375,89.625,7.65,1021
41641,11,78.375,8.1,1020.25
41642,12.5,74.875,5.325,1017.75
41643,12.875,88.125,1.1625,1016.25
41644,12.375,89,0.4625,1014.5
41645,11.428571428571429,86.28571428571429,27.3375,1017.625
41646,12.142857142857142,72.28571428571429,20.599999999999998,1017.75
41647,11.875,76.875,1.85,1017.875
41648,12.833333333333334,83,1.2333333333333334,1017
41649,12.375,85.375,0,1016.625
41650,12.125,82.625,6.7250000000000005,1019.625
41651,12.875,80.875,3.2500000000000004,1020.75
41652,14,72.375,1.1625,1019.375
41653,14.875,76.75,2.7875,1017
41654,12,93.5,0.4625,1019.75
41655,12.285714285714286,90.57142857142857,1.5857142857142859,1019.5714285714286
41656,12,95.75,1.1625,1017.625
41657,12.5,94.25,1.85,1020.25
41658,14.5,84.5,3.4749999999999996,1023
41659,14.625,83.5,4.4125000000000005,1021.375
41660,13.571428571428571,96.85714285714286,7.171428571428572,1020.5714285714286
41661,15.25,96.125,6.7124999999999995,1019.875
41662,15.625,90.125,6.7125,1020.25
41663,13.875,88.875,8.1125,1019.25
41664,11.75,95.625,8.3375,1019.75
41665,14.375,85.75,8.8125,1019.125
41666,16.625,72.375,9.950000000000001,1018.75
41667,16.625,69.875,7.4125000000000005,1016.75
41668,14.875,81.875,4.625000000000001,1018.625
41669,14.5,83.25,0.925,1019.375
41670,14.75,82.5,3.0125,1019.25
41671,14,79.375,2.55,1019.75
41672,15.25,76.125,1.85,1016.875
41673,18.428571428571427,63.857142857142854,12.2875,1014.125
41674,18.857142857142858,65.42857142857143,13.424999999999999,1011
41675,17,72.75,1.625,1011.5
41676,18.5,65.375,6.012500000000001,1010.875
41677,19.625,67.25,15.049999999999999,1009.25
41678,13.625,85.375,8.1125,1011.375
41679,12.875,63.375,9.2625,1012
41680,12.625,61.75,3.7,1012.5
41681,13.375,64.625,3.7,1013.5
41682,13.25,67,9.262500000000001,1013.5
41683,15.25,64.5,4.875,1013.625
41684,13,95.5,5.3375,1011.875
41685,12.375,89.5,3.9375,1012.875
41686,13.5,79,8.7875,1016
41687,15.125,66.125,12.725,1017.75
41688,15.25,60.125,8.799999999999999,1017.375
41689,15.125,75.375,1.85,1016.625
41690,16.125,78.625,1.8625,1014.75
41691,17.125,72.25,8.7875,1014.25
41692,16.625,85.625,6.250000000000001,1017.375
41693,16.5,80,7.887500000000001,1019.375
41694,16.375,69.375,5.3375,1018.625
41695,18.125,69,0.925,1017.25
41696,18.75,71.125,2.0875,1014.25
41697,18.625,76.625,7.175000000000001,1013.125
41698,15.625,88.375,5.799999999999999,1013.125
41699,16.142857142857142,87.28571428571429,4.242857142857143,1015.2857142857143
41700,16.125,79,5.7875000000000005,1017.125
41701,17.875,65.625,3.7,1016.25
41702,18.75,66.375,3.7125000000000004,1016.5
41703,18.875,67,5.325000000000001,1016.125
41704,18.375,64,4.6375,1016.375
41705,18.5,62.875,6.7125,1017.125
41706,19.875,63.875,9.9625,1017
41707,22,56.625,7.65,1014.5
41708,20,63.875,10.8875,1014.375
41709,20.714285714285715,70,15.6,1013.7142857142857
41710,20,68.875,6.4875,1016.25
41711,19,60.625,9.950000000000001,1016.25
41712,19.625,61.25,5.800000000000001,1015
41713,21.625,62.625,2.7875,1016.375
41714,23.125,58.5,6.25,1015.375
41715,26.25,52.125,6.7125,1011.25
41716,24.857142857142858,53.42857142857143,9.799999999999999,1012.8571428571429
41717,21.75,57.375,10.1875,1013.25
41718,21.5,55,7.4,1010.75
41719,22.5,64.75,5.3375,1007.125
41720,25,59.5,3.0124999999999997,1007
41721,22.75,61.875,9.025,1010.625
41722,22.375,73.125,9.487499999999999,1011.625
41723,24.625,60.25,2.775,1010.5
41724,25.125,58.875,2.7750000000000004,1010.625
41725,23.5,63.25,4.8875,1011.75
41726,24.428571428571427,67.57142857142857,4.5,1011.1428571428571
41727,25.875,55.625,8.35,1011.25
41728,24.125,46.75,13.9,1009.875
41729,24.125,44.125,13.200000000000001,1008.25
41730,24.875,45.75,9.712499999999999,1006.125
41731,26.75,43.375,7.175,1005.75
41732,25,48,10.424999999999999,1010.375
41733,25.857142857142858,47.857142857142854,11.914285714285715,1009.8571428571429
41734,27.375,44,9.2625,1008.875
41735,30.125,45.25,6.7125,1007.5
41736,27.25,47.625,12.9625,1009.625
41737,25.75,41.875,12.725,1010.375
41738,25.75,35.25,12.7375,1010.25
41739,26.375,29.25,12.500000000000002,1010.875
41740,28.142857142857142,29,10.057142857142859,1008.5714285714286
41741,29.125,39.875,5.1000000000000005,1007.125
41742,26.875,40.375,15.5125,1009.625
41743,27.625,46.625,5.3500000000000005,1010.625
41744,29,48.125,2.55,1009.125
41745,27.125,53.625,4.4,1008.25
41746,26.375,49.625,9.25,1007
41747,24.25,64.375,14.3375,1011.625
41748,25.625,57.875,5.1,1011.375
41749,27,48,4.6375,1010.5
41750,28,33.125,8.8125,1010
41751,29.375,29.375,12.5,1011.75
41752,29.125,37,6.0249999999999995,1009
41753,29.375,35.875,7.875,1005.875
41754,30.625,34.375,8.1125,1006.125
41755,31.5,32,8.1125,1006.375
41756,30.625,30,8.350000000000001,1007.125
41757,31.5,27.875,10.1875,1005.625
41758,32.125,28.875,8.325,1003.875
41759,33.25,25.5,5.3375,1003.75
41760,34.875,22.5,9.7375,1001.5
41761,34.375,24.75,6.4875,1001.875
41762,31.75,33.375,6.475,1003.625
41763,31.875,34.375,5.8,1003
41764,29.75,53.25,9.037500000000001,1005.75
41765,29.571428571428573,51.142857142857146,6.885714285714287,1006.8571428571429
41766,31.75,48.625,1.85,1004.25
41767,31.375,43,10.662500000000001,1002.625
41768,30.5,39.625,6.487500000000001,1000.4285714285714
41769,30,37.625,7.8875,1000.75
41770,29.625,40.375,7.65,1004
41771,28,53.375,10.887500000000001,1004.875
41772,25.25,65.75,9.9625,1008.375
41773,26.875,55.25,8.575000000000001,1006.5
41774,29.5,39.875,11.125,1004.25
41775,31.125,40.25,9.4875,1003.5
41776,29.875,47.625,7.175000000000001,1007
41777,31.5,35.375,13.899999999999999,1007.375
41778,32.375,29.5,11.575000000000003,1006.625
41779,31.125,34,7.6375,1006.625
41780,33,32.5,9.7125,1002.125
41781,33.25,33.375,11.112499999999999,999.5
41782,34.625,32.75,19.450000000000003,1000
41783,31.5,50.5,6.725,1004.125
41784,31.5,43.25,16.4375,1005.5
41785,30.125,54.125,4.175,1007.125
41786,31.875,49.75,2.55,1004.75
41787,33.625,44.5,3.95,1001.25
41788,35.25,40.125,4.4,999.375
41789,33.125,44.5,11.5875,999.5714285714286
41790,34.625,39,6.4875,999.625
41791,32.75,34.25,16.2,1003.25
41792,32.75,41.375,4.6375,1003.25
41793,34.875,33.625,6.487500000000001,1000
41794,35.25,33.125,7.1875,998.125
41795,36.875,26.875,8.5625,996.125
41796,37.5,27.625,10.2,994.875
41797,38.5,22.75,13.1875,994
41798,37.625,26.25,6.7250000000000005,993.125
41799,37.875,32.125,6.025,993.125
41800,37.25,20.875,12.0375,994.75
41801,37.625,23.125,14.8125,995.625
41802,32.875,39.25,24.325,997
41803,30.25,55.125,16.6625,997.625
41804,30.5,66.875,6.487500000000001,997.375
41805,33.875,52,8.1,997.125
41806,36.375,41.375,10.887500000000001,995.625
41807,36.875,42.125,15.962499999999999,994.125
41808,33.875,58,10.425,994.25
41809,35.75,47.875,10.8875,993.25
41810,38,36.125,17.825,991.375
41811,36.875,40.125,9.7375,993.875
41812,34.5,46.75,4.4,996.375
41813,32.125,49.75,6.7125,996.25
41814,33,46.25,10.1875,995.5
41815,32.25,53.25,13.2,997.625
41816,32.5,60.375,3.2375,1001
41817,34.75,48.5,9.487499999999999,1001.625
41818,34.875,49,5.7875,999.375
41819,33,57.75,9.7125,997.75
41820,32,67.75,3.2499999999999996,997.5
41821,31.375,65.125,6.25,1000.875
41822,29.5,71.375,5.787500000000001,1001.125
41823,28.875,75.125,5.0875,998.2857142857143
41824,31.38888888888889,69,4.333333333333333,998.7777777777778
41825,34.705882352941174,52.05882352941177,9.202941176470588,1000.7058823529412
41826,30.625,61.125,3.7125,1000.5
41827,34,48.75,5.5625,998.25
41828,35,39.5,9.725000000000001,996.875
41829,36,37.125,13.65,996.5
41830,36.125,38.75,11.3375,996.875
41831,36.625,38.625,8.7875,996.125
41832,35.875,51.375,5.3375,996
41833,31.625,69.75,6.025,998
41834,32.375,67.875,6.725,997.125
41835,33.125,62.625,8.825000000000001,996
41836,32.625,63,10.45,997.25
41837,30.75,74.25,6.7250000000000005,996.125
41838,27.25,83.875,2.55,994.875
41839,29.875,71,6.25,995.125
41840,30.875,68.875,6.262499999999999,996.75
41841,32.125,65.5,4.65,996
41842,31.625,69.75,7.175,997
41843,30.625,72.875,8.1125,997.75
41844,30.5,63.625,12.0375,998.7142857142857
41845,30.75,63.25,9.9625,1000.75
41846,32.5,61.5,7.175,1001.875
41847,31.714285714285715,65.42857142857143,6.25,1001.875
41848,30,75.75,18.05,999.375
41849,30.25,69.875,5.7875000000000005,999.25
41850,31.875,65.75,4.175000000000001,999.5714285714286
41851,32.5,65.75,7.425,999.625
41852,33.25,59.5,6.500000000000001,998
41853,30.125,77.75,0.925,997.125
41854,31.5,66.25,5.7875000000000005,995.375
41855,30.5,69.75,5.1000000000000005,996.125
41856,29.75,77.5,1.85,997.5
41857,32.125,65,5.5625,996.875
41858,31.125,65.375,6.949999999999999,997
41859,31,67.875,6.012500000000001,998.375
41860,29.235294117647058,80.47058823529412,6.652941176470588,1001.6470588235294
41861,28.5,89.90625,5.2250000000000005,1002.15625
41862,31.125,72.125,3.0124999999999997,999.875
41863,32.125,57.5,8.3375,998.75
41864,32.125,57.714285714285715,20.825,998.25
41865,30.375,57.5,18.5125,997.375
41866,31.125,54.875,14.587499999999999,998.875
41867,30.428571428571427,59.857142857142854,8.35,1002.5
41868,31.375,53.875,7.1875,1003.25
41869,31.875,56.625,5.5625,1005.375
41870,33,52.42857142857143,6.885714285714286,1004.8571428571429
41871,33.25,47.125,8.7875,1002.375
41872,32.5,43,10.8875,1001.25
41873,33,47.125,8.5625,1002.8571428571429
41874,33.125,45.75,9.2625,1003.25
41875,33.125,46.25,11.350000000000001,1002.875
41876,33.875,46.625,7.874999999999999,1002.375
41877,34.125,40.25,9.962499999999999,1001.375
41878,33.857142857142854,44.714285714285715,8.112499999999999,1001.125
41879,29.625,67.75,6.7250000000000005,1003.75
41880,30.375,69.25,3.7,1003.5
41881,28.625,78.125,4.1625,1002.625
41882,27.625,86.125,4.4125,1001.25
41883,29.428571428571427,65.85714285714286,15.5125,1001.125
41884,29.25,71,10.424999999999999,1001.875
41885,28.625,77.875,15.0375,1001.4285714285714
41886,27.875,80.75,9.275,1000.375
41887,26.5,85.75,8.337499999999999,1000.1428571428571
41888,28.5,76.875,2.0875,1002.375
41889,31,67.625,1.4,1003.25
41890,31.25,66.375,3.475,1003.125
41891,31,70.125,1.85,1002.375
41892,28.75,77.5,4.875,1003.25
41893,26.571428571428573,85.71428571428571,17.825,1005.5714285714286
41894,28.5,73,1.625,1005.125
41895,29.375,68.25,4.1625,1004
41896,29.125,65.5,6.712500000000001,1004.25
41897,29.625,63.125,6.7125,1004.25
41898,30.625,65.125,6.25,1002.25
41899,30.625,61.875,7.4,1002.125
41900,30.5,62.375,6.7125,1003.875
41901,31,56.625,4.175000000000001,1003.5
41902,31.125,55.75,4.3999999999999995,1002.875
41903,30.5,54.875,5.5625,1003.625
41904,30.625,50,13.437499999999998,1004.5
41905,31,47,30.685714285714283,1004.2857142857143
41906,29.625,53,8.1,1006.25
41907,30,52.5,9.725,1007.75
41908,30,52.5,5.7875,1008.125
41909,30.5,46.875,8.799999999999999,1009.25
41910,30.25,48.875,7.175,1009.625
41911,30.5,48.75,7.4125,1009.125
41912,30.625,50.125,6.712500000000001,1009.625
41913,30.428571428571427,52.857142857142854,3.1714285714285713,1010.4285714285714
41914,30.375,53.375,2.7875,1009.125
41915,30.5,52.625,1.85,1008
41916,31,53.5,0,1008.5
41917,30.625,56.125,0,1010.375
41918,30.625,56.75,0,1010.125
41919,31,59.375,1.1625,1008.375
41920,28.75,52.75,3.7125,1009.875
41921,27.625,49.875,3.2375,1010.125
41922,27.125,57.375,3.2375000000000003,1008.75
41923,25.714285714285715,57.142857142857146,6.9375,1008.25
41924,26,58.625,0.4625,1008.375
41925,27.625,59.75,8.799999999999999,1009.875
41926,24.5,67.625,5.325000000000001,1010.875
41927,24.5,68,3.2625,1013.375
41928,23,58.875,4.862500000000001,1014
41929,25,47.666666666666664,25.0125,1013.625
41930,24,56.142857142857146,21.3,1012.875
41931,23.75,57.75,4.1625,1012.625
41932,24.75,55.625,4.4,1013.125
41933,25.625,56.125,2.0875,1014.625
41934,25.75,64.875,0.4625,1014.5
41935,25.25,66,0.925,1012.75
41936,25.5,67.5,1.85,1011.75
41937,25.25,67.125,0.925,1012.375
41938,25.125,65.5,2.0875000000000004,1014.875
41939,24.875,62.875,1.8625,1013.75
41940,25.125,64.75,2.5625,1012
41941,24.75,65.75,1.625,1012.125
41942,23.875,61.375,1.85,1014.5
41943,23.375,58.25,3.7125,1013.625
41944,22.5,50.875,5.325000000000001,1014.125
41945,22.875,49.125,7.1875,1014.5
41946,23.375,52.75,4.1625,1013.5
41947,23.625,56.625,3.9375,1012.125
41948,22.75,56.25,4.625,1012.375
41949,23,56.25,6.25,1011.625
41950,24,66.125,2.3125,1012.875
41951,23.875,66.25,1.625,1014.625
41952,24.125,56.375,4.1625,1015.125
41953,21.375,52.125,3.4750000000000005,1014
41954,19.25,55.125,2.325,1014.75
41955,19.625,52,2.3125,1015.875
41956,18.5,50.5,3.2375,1016.5
41957,18.375,43,7.4125000000000005,1016.375
41958,18.625,44.75,2.775,1014.875
41959,18.25,47.625,2.55,1015.375
41960,17.75,51.75,2.7750000000000004,1016.125
41961,17.625,53,2.0875,1017.875
41962,17.5,58.125,1.1625,1016.5
41963,20.375,54.625,3.0250000000000004,1013.375
41964,18.25,62.125,3.2375,1012.75
41965,19.875,58.875,1.625,1011.375
41966,17.125,57.375,1.3875,1014.625
41967,16.875,52.25,4.175000000000001,1016
41968,16.5,51.5,2.55,1014.875
41969,19.625,51,5.550000000000001,1009.875
41970,18.125,63.875,0,1011.75
41971,19.375,67.375,0,1012.5
41972,20.25,67.625,0,1012.375
41973,19.75,54.75,2.55,1014
41974,20,42.625,8.799999999999999,1013.75
41975,21.375,47.625,7.875000000000001,1012.75
41976,25,66.57142857142857,11.37142857142857,1007
41977,21.25,68.875,4.862500000000001,1010.375
41978,17.75,59.875,2.55,1017.125
41979,18.25,48.875,4.8625,1016.375
41980,17.25,48.375,4.862500000000001,1014.75
41981,17,49.875,2.775,1015
41982,15.285714285714286,67.57142857142857,0,1016.8571428571429
41983,21.5,65.5,4.8625,1010.5
41984,19.625,70.5,3.25,1011.625
41985,17.5,65.625,0.4625,1014.375
41986,16,71.875,8.8,1016.125
41987,16.875,86.625,3.95,1014.5
41988,16.625,75.75,2.325,1016.125
41989,17.75,72.375,7.425000000000001,1017.375
41990,12.875,72.125,6.4875,1020.25
41991,11.75,79.75,3.0124999999999997,1021.375
41992,11.75,81.75,0.4625,1022.125
41993,11.25,77,5.800000000000001,1018.75
41994,9.5,79.125,0.925,1018
41995,9.375,85,1.3875000000000002,1017.125
41996,9.625,78.625,1.625,1017.875
41997,9.875,83,3.4750000000000005,1021.25
41998,9.25,81.125,8.100000000000001,1020.125
41999,10.75,77,7.6375,1017.75
42000,10.375,69,2.775,1018.625
42001,9,86,0.7,1019.75
42002,11.125,72.625,1.3875,1017.25
42003,11.625,70.625,2.55,1014.625
42004,12.375,67.125,2.7875,1016.875
42005,14.75,72,0.925,1017.5
42006,14.875,96.625,3.0125,1017.875
42007,15.125,92,0.925,1017.375
42008,14.125,78.75,9.512500000000001,1019.625
42009,14,69.375,15.049999999999999,1016
42010,12,79.875,4.3999999999999995,1015.5
42011,9.625,86,3.9375,1016.625
42012,10,87.875,3.4875,1019.125
42013,10.625,80.625,1.625,1020.125
42014,11.125,73.125,4.4125000000000005,1018.875
42015,11,80.75,4.8625,1019.125
42016,10.625,79.5,0.925,1019.5
42017,12.25,77.875,4.875,1017.125
42018,12,82.25,5.1000000000000005,1017.5
42019,12.375,79.125,0.925,1019.375
42020,13,78.125,4.6375,1019.25
42021,13.5,76.625,1.8625,1019.25
42022,13,73.875,2.5500000000000003,1018.75
42023,13.75,78,1.85,1018.875
42024,13.375,74.375,7.1875,1020
42025,13.25,73.375,3.6999999999999997,1021
42026,12.625,94.125,3.2375,1020.625
42027,14.625,85,1.1625,1020
42028,12.375,86.25,9.737499999999999,1020.75
42029,13.25,77.75,4.1625,1020.375
42030,13.75,88.125,0.925,1019.875
42031,13.25,74.25,5.3375,1019.3333333333334
42032,11.714285714285714,67,27.775000000000002,1018.25
42033,11.5,67.5,3.9375,1019.75
42034,12.75,56.125,12.037500000000001,1020.375
42035,13.75,57.625,9.025,1017.875
42036,15,65.25,5.1000000000000005,1017.75
42037,17.375,63.875,11.8125,1017.5
42038,16.75,71.25,7.175000000000002,1020.5
42039,14.625,81.125,9.25,1022
42040,14.625,62.875,7.3999999999999995,1019.25
42041,15.125,62.625,3.0125,1019
42042,15.875,67.625,1.85,1017
42043,16.625,63.875,4.4125000000000005,1017.375
42044,16.875,63.5,5.55,1019.75
42045,15.75,64,4.625,1019.75
42046,16,66.625,1.85,1017.125
42047,15.5,69.625,6.025,1016.125
42048,17.25,59,6.725,1012.625
42049,19.375,63.125,4.1625,1009.625
42050,18.875,70.125,1.3875000000000002,1012.625
42051,20.625,71.25,10.425,1013.625
42052,21.142857142857142,72.57142857142857,5.028571428571429,1011.8571428571429
42053,21.25,72.875,5.1000000000000005,1011.75
42054,22.75,73.5,7.65,1012
42055,22.75,67.125,7.187500000000001,1013.875
42056,21.875,63.5,11.3375,1014.125
42057,22.142857142857142,58.857142857142854,14.812499999999998,1013.375
42058,21.5,74.375,3.0250000000000004,1014.25
42059,22.875,72.375,6.0375,1010.625
42060,23.125,58.625,6.5,1008.5
42061,20,34.375,6.7124999999999995,1009.875
42062,19.25,43.125,5.800000000000001,1013
42063,21.25,45.5,6.950000000000001,1013
42064,17.375,92.75,14.8125,1011.125
42065,17.5,89.875,6.725,1012.5
42066,16.25,82.5,5.5625,1013.75
42067,16.75,69.25,6.7125,1014
42068,18.75,64,3.7,1015.75
42069,20,62.375,5.0875,1016.375
42070,18.375,80.375,4.175,1013.7142857142857
42071,19.5,74.125,7.8875,1015.375
42072,18.125,54.25,12.2625,1021
42073,17.75,68.5,8.5625,1019.125
42074,18.25,69.875,6.025,1018.125
42075,20.5,63.375,5.325000000000001,1017
42076,21.375,65.25,4.175000000000001,1014.75
42077,21.5,64.625,7.875,1015.125
42078,17.625,89.125,11.575000000000001,1015.5
42079,19.857142857142858,81.85714285714286,8.5625,1017.375
42080,20.875,70.375,13.2,1015.875
42081,20.25,69.625,12.262500000000001,1013.5
42082,21.125,66,5.3375,1014.875
42083,22.5,65.75,9.025,1014.875
42084,24.875,60.5,5.7875,1014.875
42085,25.125,64,10.2,1012
42086,24.75,65.75,7.637499999999999,1010
42087,25.75,65.5,1.3875000000000002,1010.25
42088,26.625,65.625,2.55,1011.8571428571429
42089,28.5,54.375,9.2625,1013
42090,27.375,51.375,7.65,1012
42091,27,53.625,3.7125000000000004,1009.625
42092,25,52.75,13.1875,1008.625
42093,23.5,66.25,14.8125,1010.375
42094,25.25,64.875,3.7,1010.1428571428571
42095,26.428571428571427,59.714285714285715,6.7125,1007.5
42096,28.714285714285715,45.285714285714285,10.174999999999999,1004.625
42097,24.5,71.125,6.9625,1004.75
42098,21,77.5,1.3875000000000002,1005.25
42099,23.571428571428573,67.71428571428571,17.6,1007.75
42100,25,60.125,2.775,1007.75
42101,23.75,62.125,9.7375,1010.25
42102,25.625,50.375,6.712500000000001,1012
42103,26,52.875,9.0375,1010.5
42104,27.125,52.25,6.25,1008.5
42105,28.25,44.875,8.1,1008.375
42106,24.375,63,5.325,1012.375
42107,24.75,70.875,6.950000000000001,1013.75
42108,26.25,62.75,3.0125,1012.75
42109,27.625,59.25,5.7875000000000005,1012.875
42110,25.25,58.25,8.1125,1013.875
42111,28.125,48.75,8.3375,1007.125
42112,30.125,44.5,5.562500000000001,1002.375
42113,32.125,41,4.175,1003.875
42114,32.875,37.875,7.1875,1005.75
42115,31.75,28.5,11.1125,1005.625
42116,30.75,30.25,11.349999999999998,1003.125
42117,30.75,33,8.1,1004
42118,31.125,39.5,2.5500000000000003,1004.375
42119,30.5,43.125,12.975,1005.875
42120,28.75,51.125,15.737499999999999,1008
42121,30.125,53,17.5875,1006.75
42122,31,48.25,12.5125,1004.5
42123,31.25,47.25,9.025,1005
42124,32.625,44.75,15.05,1004
42125,31.25,43.5,5.3375,1005.875
42126,30.125,40.25,4.4,1006.25
42127,31,39.25,3.0124999999999997,1006.625
42128,30.875,39.25,3.9375,1006.625
42129,32.125,31.125,7.6499999999999995,1003.875
42130,34.125,22,11.362499999999999,1001.875
42131,35.42857142857143,13.428571428571429,15.342857142857143,1003.5714285714286
42132,34.125,22.375,12.274999999999999,1003.25
42133,35.125,27,8.3375,1001.625
42134,35.125,25,6.9625,1001.375
42135,34,32.625,10.887500000000001,1003.625
42136,33.125,46,6.0375000000000005,1004.875
42137,27.75,61,6.7125,1006.125
42138,29.625,49.625,4.4125,1007.25
42139,28.5,52.125,7.175000000000001,1006.5
42140,30,51.625,4.1625,1003.25
42141,33.25,40.375,8.35,1001.125
42142,35.375,35.75,5.562500000000001,1000
42143,31.5,44,14.812500000000002,1002.125
42144,33.125,31.625,14.600000000000001,1002
42145,35.625,24.625,11.3375,1000.375
42146,36.25,19.5,12.5125,998.125
42147,37.375,21.75,12.725000000000001,996.125
42148,36,29.25,5.1000000000000005,997.375
42149,37.75,22.25,10.875,996.875
42150,35.25,26.625,17.125,1001.5
42151,33.75,20.5,6.7125,1001.25
42152,34.75,29.5,8.3375,1000.625
42153,35.125,27.25,8.125,1001.625
42154,32.25,38.75,12.2625,1003.875
42155,34.25,25,14.5875,1001.75
42156,29.375,41.75,12.512500000000001,1003.25
42157,31.625,39.25,8.575,1003.5
42158,28.625,50.5,6.7250000000000005,1004.625
42159,31.875,48.375,4.8625,1004
42160,32.625,39.875,6.0125,1003.5
42161,33.375,39.75,7.862500000000001,1001.375
42162,35,36.25,7.175000000000001,999.25
42163,36.5,33,6.25,998.875
42164,37.625,23.875,18.75,998.875
42165,36.625,32.285714285714285,18.049999999999997,999.625
42166,35.625,34.75,18.287499999999998,1000
42167,35.875,34.625,12.737499999999999,998.5
42168,31.125,48.125,10.1875,998.8571428571429
42169,27,77.625,3.95,1000.2857142857143
42170,31,60.75,3.0125,999.5714285714286
42171,32.375,52.125,2.7875,999.1428571428571
42172,33.875,49.75,3.25,998
42173,35.125,45.125,3.0125,997.625
42174,35.875,46.75,8.575,996.25
42175,33.125,48.5,12.975,997.875
42176,30.375,63.625,8.1125,998.125
42177,32.125,59.5,4.4,995.625
42178,31.5,61.625,6.012500000000001,995
42179,37.25,63.875,6.5,995.375
42180,26.625,82.75,6.2625,994.75
42181,31.125,54.25,11.5625,995.25
42182,32.625,48.25,14.112499999999999,997.125
42183,34.25,47.5,9.0375,1000.2857142857143
42184,31.125,56.625,11.562500000000002,1003.625
42185,30.875,58.625,9.9625,1002.625
42186,32,53.25,4.175000000000001,1001.875
42187,33.75,45.875,6.949999999999999,1001.125
42188,33,49,14.35,999.625
42189,34.125,51.5,16.900000000000002,997.5
42190,35.714285714285715,47.285714285714285,14.014285714285714,995.4285714285714
42191,27.875,83.25,9.275,997.875
42192,28.125,86.125,1.85,998.125
42193,31.25,72,2.7750000000000004,998.625
42194,29.625,77.25,2.55,998.625
42195,26.625,92.125,6.025,998.75
42196,25.5,98,3.2375000000000003,999.3333333333334
42197,25.5,94.75,7.425000000000001,998.625
42198,29.875,73.125,4.8625,1000.625
42199,30.875,67.875,10.875,997.8571428571429
42200,33.375,52.875,17.137500000000003,993.75
42201,31.75,61.375,13.437499999999998,994.75
42202,30.75,75.625,4.4,997.25
42203,29.5,78.875,4.175,998
42204,30.125,70,0.7,997.625
42205,29.125,78,4.8625,999.125
42206,31.375,69.25,8.125,1000
42207,32.25,64.125,7.875000000000002,1001.125
42208,32.125,64.875,8.575000000000001,1001.75
42209,32,64.75,6.7125,1001
42210,30.857142857142858,71,19.9125,998.5714285714286
42211,30,71.625,16.8875,998.875
42212,29.625,69,11.3375,1000.2857142857143
42213,29.5,61,11.587499999999999,1000.125
42214,28.5,68.125,10.875,998
42215,29,67.75,9.9625,998.875
42216,29,71,4.175000000000001,999.75
42217,28.25,71.75,0.925,1002.75
42218,29.625,69.5,2.55,1003.625
42219,31.5,58.625,5.325,1001.875
42220,29.428571428571427,77.78571428571429,4.771428571428572,1000.0714285714286
42221,29.59375,79.65625,8.221875,1000.28125
42222,29.5,79.125,3.0250000000000004,998
42223,29.25,83,2.3125,1000
42224,28.875,84.875,1.625,1002
42225,27.375,90.125,3.0125,1000.25
42226,30.375,77,0,1000
42227,28.375,86.625,0.4625,1003
42228,30.75,74.25,0,1003.125
42229,32,69.5,0.4625,1001.875
42230,30.875,72.625,3.4749999999999996,1002
42231,28.5,85.5,0,1002.75
42232,28.625,82.625,1.85,1002.875
42233,30.75,72.625,0.7,1001.375
42234,29.125,72.875,4.875,1002.5714285714286
42235,31.25,61.25,33.325,1002.375
42236,30.75,58.625,14.6,1001.375
42237,29.375,72,8.575,1002
42238,30.25,65.375,5.800000000000001,1000.875
42239,29.875,69.375,5.5625,1000.8571428571429
42240,30.75,65.625,7.1875,1001.75
42241,32,57.285714285714285,10.071428571428571,1001
42242,32,61,4.862500000000001,1001.125
42243,32.5,61,5.325000000000001,1002
42244,32,63.5,2.3125,1002.25
42245,32.25,58,5.812500000000001,1001.375
42246,32.625,56.5,9.274999999999999,1001.375
42247,31.857142857142858,54.42857142857143,13.485714285714286,1001.8333333333334
42248,32.125,47.625,15.275,1000.8571428571429
42249,31.875,45.625,12.737499999999999,1001.75
42250,31.625,49.125,10.1875,1005.5
42251,32,42.625,11.35,1007.875
42252,30.875,47.25,7.637499999999999,1007.125
42253,31.25,41.8,7.6375,1006.25
42254,31.5,46.375,9.4875,1005.75
42255,31.625,47,11.8125,1005.5
42256,31,47.875,10.1875,1005.625
42257,31.25,46.5,8.575000000000001,1006.75
42258,30.75,49.75,6.012499999999999,1006.25
42259,32.142857142857146,54.42857142857143,3.1714285714285717,1006
42260,32.125,55.25,1.3875000000000002,1005.875
42261,31.875,54.375,2.55,1003.625
42262,33,55,0.4625,1003.25
42263,32.375,55,1.4,1003.625
42264,31.375,58.375,1.1625,1004.375
42265,31,67.625,7.4125000000000005,1005.125
42266,30.625,74.25,2.0875000000000004,1003.625
42267,29.142857142857142,69.14285714285714,5.557142857142858,1002.8571428571429
42268,30.125,64.5,5.800000000000002,1002.5
42269,30.25,64.375,10.187499999999998,1002.5
42270,28.625,61.25,13.675,1006.375
42271,28.25,52.375,11.575,1004.625
42272,28.5,49.375,8.575,1003.75
42273,29.25,53.5,6.25,1005.25
42274,28.714285714285715,58.142857142857146,2.9142857142857146,1007
42275,28.25,58.5,3.9375,1009
42276,29,54.57142857142857,9.528571428571428,1010.5714285714286
42277,29,46.875,8.3375,1011.375
42278,28.125,51.25,5.574999999999999,1012
42279,28.285714285714285,53.714285714285715,14.5875,1010.75
42280,30,52.333333333333336,18.785714285714285,1008.7142857142857
42281,29,54.375,3.0250000000000004,1008.125
42282,28.875,59.375,1.3875000000000002,1009.25
42283,28.375,61.125,4.6375,1009
42284,28.625,65.75,6.4750000000000005,1009.125
42285,28.375,65.125,4.4125000000000005,1007.5
42286,28.5,59.75,6.025,1004.25
42287,28.5,54.625,6.7125,1005
42288,28.571428571428573,51.57142857142857,6.885714285714286,1008.7142857142857
42289,29.25,54.125,3.25,1010
42290,29.5,62.875,3.7250000000000005,1011
42291,28.125,63.625,4.875000000000001,1013.25
42292,27.5,66,0.4625,1013.5
42293,27.875,62.625,0.925,1013.5
42294,28,63.75,3.7125,1012.25
42295,26.857142857142858,71.71428571428571,11.1125,1013.125
42296,28.142857142857142,66.28571428571429,3.4571428571428577,1011.7142857142857
42297,27.714285714285715,64.85714285714286,2.9142857142857146,1009.8571428571429
42298,26.5,62.125,2.0875,1011.875
42299,24.75,56,4.4,1012.25
42300,24,51.625,4.862500000000001,1011.875
42301,24.875,53.25,1.4000000000000001,1011.625
42302,26.375,47.125,5.575,1012.75
42303,25.625,52.125,5.574999999999999,1014.875
42304,24.75,54.25,3.4749999999999996,1013.875
42305,20.875,57.25,7.875000000000001,1015.875
42306,22.125,63.5,1.85,1016.875
42307,22.375,67.25,1.625,1016.375
42308,22.375,69.375,1.1625,1016.125
42309,22.875,70.5,0.925,1016.25
42310,23.375,71.375,0.4625,1015.875
42311,24,67.875,0.475,1014.25
42312,23.75,69,0.925,1012.25
42313,22.125,75.25,5.100000000000001,1012.375
42314,22.875,74.375,2.325,1012.75
42315,21.875,74.875,1.1625,1014.625
42316,21.875,70.25,1.8624999999999998,1015.875
42317,21.75,73.625,0.7,1015
42318,22.75,72.625,0.7,1013.5
42319,21.875,59.5,4.6375,1014.375
42320,21.875,60.5,5.7875,1015.375
42321,22.375,59.375,5.325,1014.875
42322,22.375,59.625,3.475,1012
42323,22.5,62,0,1012
42324,21.875,50.375,2.7874999999999996,1012.625
42325,19.875,48.375,5.1000000000000005,1013.5
42326,18.5,57.625,4.4,1016.375
42327,18.5,64.75,0.925,1017.5
42328,18.5,66,0.4625,1016.125
42329,18.75,67.625,1.3875000000000002,1015.5
42330,18.625,64.875,0.4625,1015.125
42331,17,73.5,0,1015.875
42332,18.5,63,1.625,1016
42333,19.375,56.375,5.7875000000000005,1014.75
42334,20,59.5,0.925,1012.75
42335,18.5,66.25,2.55,1011.25
42336,18.75,82.125,1.1625,1015.375
42337,18.125,81.25,1.1625,1018
42338,19.5,82.375,0.925,1016.75
42339,19.25,78.75,1.625,1014.75
42340,18.125,72.125,2.0875,1016.125
42341,17.625,70.25,7.1875,1016
42342,17.625,67.5,4.6375,1015
42343,17.5,72.375,0.925,1015.875
42344,17.125,75.875,1.4000000000000001,1016.5
42345,17.625,76.875,2.3125,1017.25
42346,18.428571428571427,71.28571428571429,1.0571428571428572,1015.7142857142857
42347,18.375,78.125,3.475,1015.25
42348,19,77.25,2.0875000000000004,1011.75
42349,17.25,77.875,5.1000000000000005,1011.375
42350,13.25,91,4.3999999999999995,1014.25
42351,12.875,67,3.475,1016.5
42352,13.25,63.625,7.400000000000001,1017
42353,13.125,63.875,5.325,1016.5
42354,13,65.5,1.1625,1016.375
42355,12.25,73.625,0.925,1016.875
42356,12.875,71.25,4.4,1018.625
42357,12.375,71.875,3.4875,1019
42358,11.75,70.25,1.1625,1018.5
42359,12.625,74.75,1.3875000000000002,1018.875
42360,12,79.875,0.7,1020.875
42361,12.5,81.375,3.4875000000000003,1020.625
42362,11.25,68.625,6.025,1021.25
42363,11.5,66.125,5.5625,1022
42364,12.75,64.5,6.4875,1021.125
42365,15.375,63.25,7.8875,1020.625
42366,17.125,58.125,10.8875,1020.875
42367,16.375,65,7.4125000000000005,1018.125
42368,15.5,71.75,2.0999999999999996,1017.5
42369,15,71.375,2.0875,1020.5
42370,14.714285714285714,72.28571428571429,1.0571428571428572,1021.1428571428571
42371,14,75.875,2.0875,1021
42372,14.375,74.75,5.112500000000001,1018.5
42373,15.75,77.125,0,1017.625
42374,15.833333333333334,88.83333333333333,0.6166666666666667,1017
42375,17.375,81.625,2.3125,1016.5
42376,17.125,87,0,1018.125
42377,15.5,83.25,7.887500000000001,1017.25
42378,15.857142857142858,65.14285714285714,8.471428571428572,1015.4285714285714
42379,15.625,74.375,2.775,1017.5
42380,15.75,74.875,1.625,1017.5
42381,18,69.6875,6.03125,1014.9375
42382,18.266666666666666,75.8,5.08,1014.3333333333334
42383,15.5625,80.4375,4.300000000000001,1016.125
42384,13,84.1875,10.775,1017
42385,13.6,80.06666666666666,11.239999999999998,1014.6
42386,14,77.66666666666667,2.1066666666666665,1016.2
42387,13.266666666666667,80.46666666666667,1.4800000000000002,1014.7333333333333
42388,12.357142857142858,88.57142857142857,4.65,1015.2857142857143
42389,12.066666666666666,84.2,6.193333333333333,1018.6666666666666
42390,12.1875,73.1875,7.887499999999998,1020.1875
42391,11.733333333333333,83.4,3.586666666666667,1019.4666666666667
42392,14.4375,75.875,3.2500000000000004,1019.8125
42393,11.1875,86.25,6.624999999999999,1019.0625
42394,11.666666666666666,75.4,4.58,1017.2
42395,14.5625,79.6875,2.5500000000000003,1015.375
42396,17.583333333333332,69.16666666666667,4.025,1014.1666666666666
42397,16.857142857142858,69.35714285714286,5.028571428571429,1015.0714285714286
42398,19.5625,70.625,2.54375,1017.375
42399,20.142857142857142,78.5,1.2,1014.5
42400,17.375,78.25,7.762500000000001,1016
42401,15.846153846153847,65.76923076923077,7.269230769230768,1017.1538461538462
42402,15.266666666666667,55.86666666666667,8.893333333333333,1018.2
42403,13.125,66.5,7.622222222222222,1018
42404,16.363636363636363,53,6.941666666666666,1017.3333333333334
42405,12.666666666666666,70.66666666666667,2.1666666666666665,1016.8333333333334
42406,15.333333333333334,69.5,3.6999999999999997,1013.3333333333334
42407,15.625,77,2.7875,1015.75
42408,17.09090909090909,67.18181818181819,5.9,1017.0909090909091
42409,17.76923076923077,67.46153846153847,5.846153846153848,1014.6923076923077
42410,18.133333333333333,64.86666666666666,2.1,1012.7333333333333
42411,19.6875,54.75,6.03125,1011.25
42412,19.2,57.86666666666667,0.7466666666666666,1012.5333333333333
42413,17.066666666666666,62.13333333333333,5.8066666666666675,1014.8666666666667
42414,17.642857142857142,61.92857142857143,8.071428571428571,1017.2142857142857
42415,17.6,59.53333333333333,5.94,1018.7333333333333
42416,18.214285714285715,56.142857142857146,5.435714285714285,1020.0714285714286
42417,18.714285714285715,59.285714285714285,3.7071428571428577,1019.1428571428571
42418,19.466666666666665,76,5.186666666666667,1017.4
42419,23.153846153846153,70.23076923076923,4.1461538461538465,1014.6153846153846
42420,23.625,73.125,11.11875,1014.125
42421,21,61.125,17.137500000000003,1014.75
42422,21,51.42857142857143,15.207142857142859,1014.4285714285714
42423,21.428571428571427,50.642857142857146,9.785714285714286,1012.5
42424,21.6875,58.0625,2.4437500000000005,1012.9375
42425,22.5625,57.5,5.3375,1015.5
42426,22.8,55.6,2.48,1018.4
42427,22.8,59,3.333333333333334,1018.4666666666667
42428,23,63.0625,3.712500000000001,1018.9375
42429,23.875,63.9375,3.712500000000001,1018.625
42430,24.916666666666668,57.416666666666664,1.7,1015
42431,24.933333333333334,57.06666666666667,1.7333333333333334,1015.4
42432,26,55.61538461538461,4.292307692307692,1014.6153846153846
42433,27.3125,44.25,6.14375,1012.6875
42434,23.933333333333334,57.13333333333333,11,1012.6666666666666
42435,22.8125,66.5625,5.21875,1013.0625
42436,23.714285714285715,64.14285714285714,5.171428571428572,1012.3571428571429
42437,23.428571428571427,60.214285714285715,6.742857142857142,1011.6428571428571
42438,24,57.5625,9.375,1012.0625
42439,25.5625,57.4375,7.981249999999999,1013.1875
42440,25.066666666666666,67.8,6.546666666666667,1012.5333333333333
42441,24.5625,66.9375,9.487499999999999,1009.5625
42442,24.25,65.1875,6.84375,1011.1875
42443,22.375,66,6.275,1014.3125
42444,24.066666666666666,58.93333333333333,8.646666666666667,1014.8666666666667
42445,23.9375,53.75,10.88125,1012.8125
42446,26.3125,50.3125,6.84375,1010.4375
42447,26.1875,61.25,6.7125,1009.8125
42448,26.785714285714285,61.857142857142854,3.578571428571429,1009.2142857142857
42449,27.133333333333333,58.733333333333334,2.8466666666666667,1010.3333333333334
42450,26.625,43.375,12.2625,1011.125
42451,25.0625,37.875,22.1,1009.375
42452,26.2,43.266666666666666,10.641666666666667,1010
42453,28.133333333333333,46.86666666666667,3.2133333333333334,1013.3333333333334
42454,29.875,50.1875,3.3687500000000004,1013.1875
42455,24.666666666666668,62.666666666666664,9.393333333333334,1013.6
42456,26.25,53.6875,9.156249999999996,1012.8125
42457,25.933333333333334,52.8,6.546666666666667,7679.333333333333
42458,27.125,47.75,7.293749999999999,1011.3125
42459,29.571428571428573,39.785714285714285,7.021428571428571,1011.1428571428571
42460,30,39.733333333333334,4.333333333333333,1009.2
42461,30.571428571428573,38.214285714285715,12.035714285714283,1006.7142857142857
42462,32.3125,38.5625,5.4625,1008
42463,33.3125,44.25,2.55,1008.375
42464,32.8125,33.125,8,1006.6875
42465,32.3125,29.3125,9.268749999999999,1007
42466,31.375,33.125,3.475,1006.875
42467,29.933333333333334,37,10.85,1007.2666666666667
42468,29.266666666666666,36,4.686666666666667,1009.2
42469,30.733333333333334,32.46666666666667,12.61875,1009.3125
42470,32.25,29,5.225,1008.8125
42471,29.8,35,16.04,1009.4
42472,30.2,36.2,19.380000000000003,1006.3333333333334
42473,31.75,28.0625,18.643749999999997,1003.3125
42474,33.125,23.875,10.425,1003.8125
42475,33.625,25.375,9.8375,1004.625
42476,35.6875,23.6875,11.112499999999999,1003.0625
42477,34.666666666666664,23.866666666666667,9.386666666666665,1002.6666666666666
42478,34.625,30.125,7.175,1004.6875
42479,34,33.6,4.566666666666666,1005.8666666666667
42480,34.0625,25.9375,14.01875,1006.4375
42481,34,24.666666666666668,15.75,1003.4
42482,33.25,24.25,8.35,1001.7272727272727
42483,31.916666666666668,21.818181818181817,19.653846153846157,1001.8461538461538
42484,31.3125,22.125,10.1875,1003.0625
42485,31.75,22.8125,6.949999999999999,1005.5625
42486,33.4375,25.1875,3.8312500000000003,1007.1875
42487,33.125,29.0625,4.981249999999999,1005.6875
42488,34.15384615384615,21.76923076923077,11.823076923076922,1004.6923076923077
42489,34.07142857142857,23.285714285714285,9.123076923076923,1005.7142857142857
42490,33.0625,25.5625,5.2125,1004.8125
42491,34.6875,23.375,8.575,1002.4375
42492,38,18.466666666666665,9.513333333333334,1002.2
42493,35.5,30.375,6.4937499999999995,1004.3125
42494,33.714285714285715,31.857142857142858,10.464285714285717,1003.7857142857143
42495,30.6,42,11.246666666666666,1007.4666666666667
42496,31.4375,37.4375,8.225,1007
42497,33.3125,37.1875,4.65,1005.5625
42498,35.13333333333333,36.333333333333336,7.293333333333332,1005.9333333333333
42499,33.53333333333333,40.6,18.425,1006.0625
42500,34,39.75,10.55625,1006.5625
42501,32.5,49.9375,7.774999999999999,1006.0625
42502,35.375,40,5.1,1002.25
42503,37.294117647058826,28.11764705882353,8.07058823529412,1001.3529411764706
42504,36.5625,31.875,4.16875,1003.125
42505,37.25,29.5,4.75,1003.5625
42506,37.214285714285715,23.5,9.019999999999998,1000.8
42507,37.5,25.8125,9.612499999999999,998.9375
42508,37.75,27.625,8.45,997.8125
42509,37.375,40.5,9.3875,998.625
42510,37.4,44.2,8.413333333333334,996.9333333333333
42511,36.13333333333333,45.4,10.873333333333333,995.9333333333333
42512,36.8,44.8,6.553333333333333,996.4666666666667
42513,32.214285714285715,47.92857142857143,14.95,999.5714285714286
42514,31.526315789473685,53.526315789473685,8.494736842105263,1000.7368421052631
42515,33.21739130434783,46.608695652173914,10.160869565217393,997.4782608695652
42516,35.26923076923077,44.57692307692308,15.17692307692308,999.1538461538462
42517,38.27272727272727,26.09090909090909,15.31818181818182,999.9545454545455
42518,36.0625,37.25,14.405555555555553,999.8333333333334
42519,31.5,57.0625,11.68125,1001.25
42520,26.8125,74.8125,9.4875,1003.8125
42521,32.642857142857146,51.214285714285715,7.4071428571428575,1002.3076923076923
42522,36,42.2,9.133333333333335,1002.7333333333333
42523,37.5625,35.3125,11.93125,1002
42524,37.5625,40.6875,2.7812500000000004,1002.25
42525,38.2,42.06666666666667,3.2066666666666666,1001.8666666666667
42526,36.166666666666664,51.75,8.5,1002.8333333333334
42527,35.42857142857143,45.714285714285715,11,1001.5714285714286
42528,34.625,59.1875,21.306250000000002,1002.0625
42529,36.07142857142857,44.642857142857146,8.485714285714284,999.2142857142857
42530,35.733333333333334,43.733333333333334,9.26,938.0666666666667
42531,36.13333333333333,41.86666666666667,10.08125,998.25
42532,33.4375,49.9375,8.812500000000002,999
42533,35.5,37.125,9.1625,998.8125
42534,36,43.3125,12.85,998.1875
42535,32.625,55.125,11.859999999999998,997.8125
42536,34.733333333333334,48.86666666666667,10.513333333333332,996.1333333333333
42537,33.5,51.285714285714285,11.39285714285714,999
42538,34.1875,52.25,7.425,999.4285714285714
42539,35.857142857142854,50.57142857142857,10.857142857142858,1000.8571428571429
42540,35.625,53.25,9.387499999999998,1001.375
42541,30.9375,73.9375,7.643750000000001,1000.6875
42542,32.875,62.1875,8.91875,999.9375
42543,33.125,60.8125,7.418750000000001,1001.5625
42544,33.84615384615385,51.61538461538461,5.875000000000001,999.6923076923077
42545,36.4375,46.5625,7.762499999999999,998.3125
42546,35.42857142857143,55.92857142857143,9.664285714285713,1000.0714285714286
42547,34.86666666666667,57.46666666666667,7.660000000000001,1000.375
42548,34.3125,61.25,7.9937499999999995,998.8666666666667
42549,30.785714285714285,75.07142857142857,5.435714285714285,1001.5
42550,35.375,58.875,8.449999999999998,1001.1875
42551,35.46666666666667,60.2,6.793333333333333,997.8666666666667
42552,32.125,73.4,8.35,1002.5625
42553,28.4,80,5.231250000000001,998.375
42554,29.5625,78.125,1.96875,998.25
42555,30.6875,76.3125,3.481250000000001,997.125
42556,33.25,68.6875,5.3375,995.5625
42557,33.266666666666666,64.06666666666666,8.878571428571428,996.8666666666667
42558,33.5,63,5.91875,997.6875
42559,30.8,75.86666666666666,5.4333333333333345,997.4
42560,33.25,66.0625,6.73125,996.75
42561,32.5625,65.6875,4.7,996.0625
42562,31.5,71.9375,8.046666666666665,997.75
42563,30.5,80.1875,5.5625,999.0625
42564,31.25,76.3125,6.806666666666667,998.4375
42565,30.4375,80.4375,5.21875,998.375
42566,31,78.0625,7.271428571428571,998.625
42567,27.125,93.875,4.371428571428571,999.875
42568,28.125,86.5625,6.6000000000000005,1001.3333333333334
42569,27.666666666666668,91.26666666666667,7.653333333333333,1000.8
42570,32.3125,69.125,13.656249999999998,999.875
42571,34.1875,59.5625,12.9625,999.625
42572,34.13333333333333,56.86666666666667,11.479999999999999,999.2666666666667
42573,34.125,56.125,8.687500000000002,999.3333333333334
42574,31.875,66,7.768750000000001,1001.625
42575,31.4375,72.25,2.43125,946.3125
42576,31.9375,69.125,2.9125000000000005,1001.875
42577,30.3125,82,6.485714285714287,1003.125
42578,28.3125,88.25,4.293750000000001,1004.625
42579,29.533333333333335,81.33333333333333,5.186666666666667,1002.0666666666667
42580,27.375,92.4375,2.43125,1000.9375
42581,27.333333333333332,92.26666666666667,1.8599999999999999,1001.2
42582,29.266666666666666,83.13333333333334,4.7,1000.6666666666666
42583,29.125,84.25,5.9125000000000005,999.125
42584,30.6875,72.125,6.375,310.4375
42585,32.5625,63.5625,5.45,998.5
42586,33.111111111111114,63.888888888888886,7.927777777777779,998.7777777777778
42587,33.8,61.666666666666664,4.319999999999999,999.3333333333334
42588,30.066666666666666,76,6.926666666666667,1000.8
42589,33.11764705882353,65.17647058823529,7.852941176470587,1000.5294117647059
42590,33.80952380952381,62.38095238095238,9.440909090909091,999.6363636363636
42591,31.615384615384617,71.65384615384616,9.549999999999999,998.5
42592,32,71.25925925925925,10.159259259259262,999.3703703703703
42593,28.107142857142858,89.46428571428571,7.82142857142857,1001.6071428571429
42594,29.035714285714285,85,3.848148148148149,1002.2857142857143
42595,30.321428571428573,77.07142857142857,3.2296296296296303,1001.0714285714286
42596,28.933333333333334,83.7,6.369999999999998,633.9
42597,31.678571428571427,67.64285714285714,12.725,999.2857142857143
42598,31.333333333333332,66.41666666666667,14.66666666666667,-3.041666667
42599,29.928571428571427,72.5,6.325,999.5185185185185
42600,29.88888888888889,79.81481481481481,1.7222222222222225,999.9230769230769
42601,32.07142857142857,68.28571428571429,1.917857142857143,999.8928571428571
42602,33.18518518518518,66.48148148148148,10.366666666666667,1000.16
42603,31.59259259259259,68.07407407407408,10.022222222222224,1001.1923076923077
42604,32.18518518518518,65.55555555555556,8.237037037037037,1002.8888888888889
42605,31.48,70.08,6.084,1003.24
42606,30.178571428571427,79.28571428571429,8.419230769230769,1002.5
42607,31.52,72.44,6.276923076923075,1004.4230769230769
42608,31.22222222222222,73.81481481481481,4.392592592592593,1005.2222222222222
42609,31.785714285714285,70.28571428571429,7.1499999999999995,1006.1428571428571
42610,33.4,66.24,7.2719999999999985,1006.2
42611,29.571428571428573,82.32142857142857,5.825,1003.6071428571429
42612,30.04,76.8,8.903846153846153,1002.1923076923077
42613,27.25925925925926,89.55555555555556,6.729629629629631,1003.0370370370371
42614,27.96,87.24,4.148,1002.44
42615,30.73913043478261,71.73913043478261,13.204347826086956,1001.2727272727273
42616,30.894736842105264,62.68421052631579,13.263157894736842,1001.1578947368421
42617,31.692307692307693,59.30769230769231,11.12307692307692,1002.9230769230769
42618,31.076923076923077,60.30769230769231,13.961538461538463,1003.2307692307693
42619,30.375,55,13.437499999999998,1003.75
42620,31.1,57.7,9.1,1003.4545454545455
42621,31.916666666666668,58,10.808333333333332,1005.1666666666666
42622,30.555555555555557,56.666666666666664,11.52222222222222,1004.3333333333334
42623,31.23076923076923,58.23076923076923,11.969230769230771,1005.2307692307693
42624,31,56.4,8.15,1003.8
42625,31.642857142857142,55.5,10.85,1005.0714285714286
42626,32.53333333333333,57.06666666666667,8.526666666666666,1006.4
42627,30.857142857142858,70.35714285714286,4.235714285714287,1006.9285714285714
42628,31.727272727272727,59.63636363636363,11.9,1004.75
42629,31.4,58,3.5200000000000005,1004.4
42630,32.30769230769231,58,2.707692307692308,1003.1538461538462
42631,32.25,58.833333333333336,17.908333333333335,1005
42632,32.375,59.458333333333336,2.0875,1004.7083333333334
42633,33.44444444444444,54.074074074074076,2.56923076923077,1003.5185185185185
42634,33.36,58.96,6.0920000000000005,1005.4
42635,30.037037037037038,67.62962962962963,8.107407407407404,1008.7777777777778
42636,31,66.10714285714286,3.571428571428573,1005.3214285714286
42637,31.24,66.48,5.496153846153845,1352.6153846153845
42638,31.130434782608695,62.30434782608695,3.1478260869565218,1004.7826086956521
42639,31.48,60.88,2.986956521739131,1006.76
42640,32.18518518518518,57.81481481481482,1.7807692307692307,1006.7037037037037
42641,32.44,55.28,2.5200000000000005,1005.28
42642,32.22727272727273,61.31818181818182,3.9636363636363643,1005.5909090909091
42643,32.214285714285715,59.357142857142854,2.582142857142858,1005.5714285714286
42644,32.541666666666664,61.916666666666664,3.170833333333334,1007.5
42645,32.81481481481482,61.81481481481482,4.122222222222223,1009.1111111111111
42646,33.26923076923077,59.57692307692308,3.992592592592593,1007.1851851851852
42647,30.555555555555557,69.81481481481481,5.770370370370371,1005.3703703703703
42648,28.833333333333332,71.875,3.3249999999999997,1005.25
42649,30.703703703703702,64.81481481481481,3.2333333333333325,1007.1481481481482
42650,30.96,59.96,15.825000000000001,1007.2
42651,30.6,57.96,8.76153846153846,1006.8461538461538
42652,30.92,59.2,3.184000000000001,1005.96
42653,29.77777777777778,51.111111111111114,4.807407407407408,1006.1481481481482
42654,29.666666666666668,51.148148148148145,8.922222222222224,1006.5925925925926
42655,29.571428571428573,47.285714285714285,11.371428571428568,1006.25
42656,29.962962962962962,44,13.022222222222224,1008.3333333333334
42657,29.75,47.875,8.934782608695652,1009.125
42658,27.74074074074074,54.148148148148145,6.662962962962963,1010.5185185185185
42659,28.428571428571427,49.857142857142854,7.014285714285715,1011.8571428571429
42660,28.6,49.24,7.1160000000000005,1010.56
42661,28.5,48.458333333333336,7.668181818181818,1009.4583333333334
42662,28.925925925925927,49.18518518518518,6.459259259259259,1008.5555555555555
42663,29.076923076923077,47.73076923076923,9.123999999999999,1007.5384615384615
42664,28.40909090909091,50.40909090909091,10.695454545454547,1008.7272727272727
42665,29.333333333333332,49.48148148148148,13.323076923076924,1009.3703703703703
42666,27.5,54.96153846153846,11.546153846153846,1009.3076923076923
42667,28.5,51.42307692307692,11.188461538461537,1008.2692307692307
42668,28.04,54.56,12.388461538461542,1008.9230769230769
42669,27.576923076923077,56.19230769230769,5.699999999999998,1011.7307692307693
42670,26.555555555555557,59.370370370370374,6.044444444444444,1014.6296296296297
42671,25.51851851851852,58.77777777777778,7.277777777777777,1012.4074074074074
42672,25.814814814814813,62.77777777777778,1.7148148148148148,1013
42673,24.82608695652174,71.04347826086956,2.0130434782608697,1014.6086956521739
42674,24.53846153846154,66.8076923076923,1.6423076923076925,1017.8076923076923
42675,24.384615384615383,58.73076923076923,2.7153846153846155,1016.3846153846154
42676,23.727272727272727,65.9090909090909,1.4318181818181817,1016.5909090909091
42677,25.64,59.76,2.2320000000000007,1016.24
42678,24.814814814814813,58.2962962962963,4.122222222222222,1012.6296296296297
42679,23.115384615384617,66.57692307692308,5.784615384615384,1010.3461538461538
42680,22.925925925925927,63.851851851851855,2.411111111111111,1011.5185185185185
42681,24.545454545454547,51.31818181818182,8.172727272727274,1012.7727272727273
42682,23.73076923076923,52.26923076923077,12.750000000000002,1013.64
42683,23,49.7037037037037,7.074074074074074,1014.6666666666666
42684,23.51851851851852,50.148148148148145,3.225925925925927,1013.8148148148148
42685,23.92,54.04,2.968,1014.08
42686,23.53846153846154,58.03846153846154,2.7846153846153854,1015.1538461538462
42687,24.296296296296298,55.81481481481482,4.3999999999999995,1016.5185185185185
42688,23.346153846153847,60.73076923076923,1.4961538461538462,1015.7307692307693
42689,22.24,55.72,4.087999999999999,1016.24
42690,21.76923076923077,53.23076923076923,7.138461538461537,1017.5384615384615
42691,21.73076923076923,51.73076923076923,11.549999999999999,1350.2962962962963
42692,21.73076923076923,53.61538461538461,7.7799999999999985,1014.6923076923077
42693,20.666666666666668,60.666666666666664,2.8400000000000003,1012.4666666666667
42694,22.25,59.9,2.5050000000000003,1013.35
42695,21.53846153846154,60.46153846153846,2.7153846153846155,1013
42696,22.57894736842105,50.1578947368421,7.999999999999998,1012.8947368421053
42697,22.82608695652174,51.43478260869565,6.604347826086956,1013.1739130434783
42698,21.42105263157895,51.473684210526315,8.289473684210526,1014.9473684210526
42699,23.6,30.55,15.085000000000003,1012.95
42700,24.294117647058822,32.64705882352941,14.494117647058824,1013.25
42701,23.636363636363637,33.63636363636363,12.45909090909091,1013.5909090909091
42702,22.454545454545453,37.31818181818182,9.185714285714287,12.045454545454545
42703,21.61111111111111,53.72222222222222,1.238888888888889,1015
42704,19.869565217391305,80.08695652173913,4.269565217391306,1016.6086956521739
42705,19.75,84,2.704166666666667,1016.875
42706,19.208333333333332,75.875,4.945833333333334,1017.75
42707,21.208333333333332,52.166666666666664,5.866666666666666,1019.3333333333334
42708,18.9,55.25,5.666666666666666,1019.7
42709,18.636363636363637,56.59090909090909,4.9523809523809526,1017.0454545454545
42710,18.53846153846154,69.92307692307692,2.5038461538461543,1017.9615384615385
42711,18.25,74.35,0.925,1017.421052631579
42712,16.9,73.3,1.7650000000000001,1016.2
42713,19.416666666666668,68.125,1.3125,1013.4166666666666
42714,16.444444444444443,82.83333333333333,5.355555555555556,1014
42715,20.041666666666668,69.58333333333333,4.716666666666667,1013.2916666666666
42716,19.90909090909091,63.86363636363637,3.2818181818181817,1014.1818181818181
42717,19.05,62.35,3.4300000000000006,1015.1
42718,18.555555555555557,58.611111111111114,8.027777777777775,1017.3333333333334
42719,18.166666666666668,56.625,9.879166666666666,1016.6666666666666
42720,15.833333333333334,63.27777777777778,3.9166666666666674,1018.7777777777778
42721,17.5,63.388888888888886,6.731578947368422,1016.9473684210526
42722,16.083333333333332,64.54166666666667,6.420833333333331,1018.0833333333334
42723,17.857142857142858,56.095238095238095,10.414285714285715,1017.4285714285714
42724,19.8,48.53333333333333,15.926666666666673,1015.2
42725,18.05,54.3,19.40476190476191,1015.6190476190476
42726,17.285714285714285,57.857142857142854,6.1809523809523785,1016.1428571428571
42727,15.55,74.7,1.205,1014.25
42728,17.318181818181817,78.63636363636364,5.236363636363636,1011.3181818181819
42729,14,94.3,9.084999999999999,1014.35
42730,17.142857142857142,74.85714285714286,8.784210526315787,1016.952380952381
42731,16.85,67.55,8.335,1017.2
42732,17.217391304347824,68.04347826086956,3.547826086956522,1015.5652173913044
42733,15.238095238095237,87.85714285714286,6,1016.9047619047619
42734,14.095238095238095,89.66666666666667,6.266666666666667,1017.9047619047619
42735,15.052631578947368,87,7.325,1016.1
42736,10,100,0,1016
